open_time,open,high,low,close,volume
2025-01-01T00:00:00+00:00,60000.00,60293.82,59864.92,60195.22,144.4309
2025-01-01T01:00:00+00:00,60195.22,60436.85,60096.71,60315.41,129.3719
2025-01-01T02:00:00+00:00,60315.41,60464.83,60258.80,60392.25,159.6942
2025-01-01T03:00:00+00:00,60392.25,60656.25,60332.15,60590.69,98.3259
2025-01-01T04:00:00+00:00,60590.69,60625.37,60246.30,60305.69,75.7764
2025-01-01T05:00:00+00:00,60305.69,60360.57,60160.51,60337.78,139.2824
2025-01-01T06:00:00+00:00,60337.78,60411.39,60038.76,60083.22,168.4563
2025-01-01T07:00:00+00:00,60083.22,60177.08,60081.33,60127.52,124.6917
2025-01-01T08:00:00+00:00,60127.52,60407.75,60051.40,60353.98,148.9932
2025-01-01T09:00:00+00:00,60353.98,60435.18,60350.92,60422.61,188.3589
2025-01-01T10:00:00+00:00,60422.61,60424.05,60346.26,60378.20,113.6130
2025-01-01T11:00:00+00:00,60378.20,60532.96,60365.99,60495.23,124.0098
2025-01-01T12:00:00+00:00,60495.23,60541.40,60423.88,60445.21,115.1969
2025-01-01T13:00:00+00:00,60445.21,60525.55,60161.36,60243.18,145.9659
2025-01-01T14:00:00+00:00,60243.18,60432.23,60210.76,60329.34,150.5189
2025-01-01T15:00:00+00:00,60329.34,60521.53,60294.90,60514.44,110.9774
2025-01-01T16:00:00+00:00,60514.44,60524.82,60425.40,60507.25,131.0962
2025-01-01T17:00:00+00:00,60507.25,60549.95,60248.29,60458.70,114.5313
2025-01-01T18:00:00+00:00,60458.70,60556.93,60404.53,60481.83,147.7479
2025-01-01T19:00:00+00:00,60481.83,60487.53,60352.18,60487.39,39.2651
2025-01-01T20:00:00+00:00,60487.39,60627.68,59909.26,59955.24,124.1695
2025-01-01T21:00:00+00:00,59955.24,60201.89,59936.56,60199.32,115.5450
2025-01-01T22:00:00+00:00,60199.32,60379.62,60100.32,60317.48,124.3020
2025-01-01T23:00:00+00:00,60317.48,60466.58,60273.25,60403.89,133.3160
2025-01-02T00:00:00+00:00,60403.89,60413.59,60314.36,60382.94,161.9981
2025-01-02T01:00:00+00:00,60382.94,60620.26,60363.58,60550.96,102.2230
2025-01-02T02:00:00+00:00,60550.96,60617.94,60338.93,60358.37,147.7266
2025-01-02T03:00:00+00:00,60358.37,60432.85,60079.31,60134.58,168.2675
2025-01-02T04:00:00+00:00,60134.58,60171.14,59812.31,59875.26,150.6627
2025-01-02T05:00:00+00:00,59875.26,59935.18,59808.58,59924.57,151.3358
2025-01-02T06:00:00+00:00,59924.57,60042.51,59856.59,59914.97,147.3199
2025-01-02T07:00:00+00:00,59914.97,60134.79,59750.81,60087.61,109.4193
2025-01-02T08:00:00+00:00,60087.61,60185.73,59983.52,60180.36,128.5532
2025-01-02T09:00:00+00:00,60180.36,60199.22,60089.97,60127.46,207.3385
2025-01-02T10:00:00+00:00,60127.46,60154.78,60080.66,60127.03,136.9925
2025-01-02T11:00:00+00:00,60127.03,60284.59,59936.71,60267.60,100.1824
2025-01-02T12:00:00+00:00,60267.60,60371.83,60205.89,60350.19,132.0081
2025-01-02T13:00:00+00:00,60350.19,60437.67,60235.29,60326.61,103.4962
2025-01-02T14:00:00+00:00,60326.61,60546.83,60287.49,60508.77,147.9912
2025-01-02T15:00:00+00:00,60508.77,60769.14,60484.62,60748.54,127.7633
2025-01-02T16:00:00+00:00,60748.54,60785.18,60639.67,60711.57,140.3160
2025-01-02T17:00:00+00:00,60711.57,60727.79,60564.92,60674.53,95.5028
2025-01-02T18:00:00+00:00,60674.53,61132.81,60657.83,60995.96,135.1367
2025-01-02T19:00:00+00:00,60995.96,61000.88,60813.75,60923.41,45.9146
2025-01-02T20:00:00+00:00,60923.41,61151.03,60816.14,61134.70,126.3741
2025-01-02T21:00:00+00:00,61134.70,61142.70,61084.91,61113.65,128.6469
2025-01-02T22:00:00+00:00,61113.65,61256.98,61056.88,61219.36,138.9861
2025-01-02T23:00:00+00:00,61219.36,61523.86,61140.35,61478.28,132.6943
2025-01-03T00:00:00+00:00,61478.28,61501.14,61199.58,61262.68,117.8567
2025-01-03T01:00:00+00:00,61262.68,61304.10,61227.98,61295.92,115.8215
2025-01-03T02:00:00+00:00,61295.92,61452.70,61139.87,61346.46,128.3247
2025-01-03T03:00:00+00:00,61346.46,61376.65,61209.51,61277.37,89.7689
2025-01-03T04:00:00+00:00,61277.37,61348.69,61199.16,61281.36,101.0767
2025-01-03T05:00:00+00:00,61281.36,61366.19,61280.97,61291.38,177.7262
2025-01-03T06:00:00+00:00,61291.38,61509.97,61275.69,61393.44,147.4292
2025-01-03T07:00:00+00:00,61393.44,61635.34,61383.56,61472.24,141.8249
2025-01-03T08:00:00+00:00,61472.24,61598.69,61214.41,61240.30,124.6727
2025-01-03T09:00:00+00:00,61240.30,61595.87,61177.32,61578.97,150.4026
2025-01-03T10:00:00+00:00,61578.97,61953.02,61512.74,61890.02,153.6045
2025-01-03T11:00:00+00:00,61890.02,61994.09,61694.91,61751.54,74.0740
2025-01-03T12:00:00+00:00,61751.54,61877.37,61584.91,61602.68,174.8577
2025-01-03T13:00:00+00:00,61602.68,61656.74,61472.17,61537.27,166.9280
2025-01-03T14:00:00+00:00,61537.27,61578.66,61254.61,61294.13,135.5669
2025-01-03T15:00:00+00:00,61294.13,61369.05,61270.13,61311.56,50.7877
2025-01-03T16:00:00+00:00,61311.56,61405.81,61241.01,61402.15,152.3346
2025-01-03T17:00:00+00:00,61402.15,61456.58,61246.34,61289.46,133.5047
2025-01-03T18:00:00+00:00,61289.46,61403.38,61261.96,61352.74,55.5952
2025-01-03T19:00:00+00:00,61352.74,61357.08,61285.14,61303.97,189.7013
2025-01-03T20:00:00+00:00,61303.97,61347.95,60624.58,60872.24,120.6455
2025-01-03T21:00:00+00:00,60872.24,61183.81,60856.10,61063.94,93.9238
2025-01-03T22:00:00+00:00,61063.94,61146.50,60675.74,60736.55,149.3289
2025-01-03T23:00:00+00:00,60736.55,61005.48,60644.52,60861.29,123.1358
2025-01-04T00:00:00+00:00,60861.29,60931.96,60709.15,60737.39,87.7661
2025-01-04T01:00:00+00:00,60737.39,60921.03,60379.78,60498.12,167.7299
2025-01-04T02:00:00+00:00,60498.12,60779.04,60459.52,60621.34,141.8680
2025-01-04T03:00:00+00:00,60621.34,60641.20,60487.97,60561.19,223.0426
2025-01-04T04:00:00+00:00,60561.19,60713.57,60558.63,60690.14,114.0365
2025-01-04T05:00:00+00:00,60690.14,60690.74,60598.46,60640.08,156.0381
2025-01-04T06:00:00+00:00,60640.08,60801.47,60546.58,60575.50,199.8390
2025-01-04T07:00:00+00:00,60575.50,60583.89,60423.42,60531.68,108.4107
2025-01-04T08:00:00+00:00,60531.68,60749.99,60375.61,60708.62,120.9049
2025-01-04T09:00:00+00:00,60708.62,60721.14,60297.37,60436.27,151.2403
2025-01-04T10:00:00+00:00,60436.27,60489.03,60188.72,60192.54,78.0159
2025-01-04T11:00:00+00:00,60192.54,60241.72,59835.03,59874.91,111.9622
2025-01-04T12:00:00+00:00,59874.91,59888.88,59480.43,59484.78,180.6186
2025-01-04T13:00:00+00:00,59484.78,59871.52,59437.78,59830.86,99.3668
2025-01-04T14:00:00+00:00,59830.86,60043.10,59818.75,59973.13,167.4490
2025-01-04T15:00:00+00:00,59973.13,59991.92,59828.07,59897.97,122.2067
2025-01-04T16:00:00+00:00,59897.97,59903.10,59767.51,59845.64,96.1236
2025-01-04T17:00:00+00:00,59845.64,59939.44,59809.49,59937.00,134.3573
2025-01-04T18:00:00+00:00,59937.00,60151.43,59823.54,60117.76,86.7158
2025-01-04T19:00:00+00:00,60117.76,60148.49,59940.45,60005.99,122.5940
2025-01-04T20:00:00+00:00,60005.99,60447.51,59929.00,60348.56,97.4921
2025-01-04T21:00:00+00:00,60348.56,60542.86,60293.29,60495.10,126.7071
2025-01-04T22:00:00+00:00,60495.10,60685.85,60306.05,60347.11,126.1627
2025-01-04T23:00:00+00:00,60347.11,60499.12,60338.16,60494.71,91.4601
2025-01-05T00:00:00+00:00,60494.71,60495.34,60158.21,60281.13,82.3779
2025-01-05T01:00:00+00:00,60281.13,60361.73,60031.33,60075.88,42.6405
2025-01-05T02:00:00+00:00,60075.88,60343.27,60030.51,60328.35,71.7319
2025-01-05T03:00:00+00:00,60328.35,60362.70,59927.91,59977.28,115.0468
2025-01-05T04:00:00+00:00,59977.28,60112.89,59943.93,60024.78,109.7779
2025-01-05T05:00:00+00:00,60024.78,60294.42,59998.57,60242.58,141.6805
2025-01-05T06:00:00+00:00,60242.58,60334.37,59896.89,59939.42,186.2805
2025-01-05T07:00:00+00:00,59939.42,59997.66,59910.02,59967.13,107.2973
2025-01-05T08:00:00+00:00,59967.13,60156.33,59810.00,60118.74,158.9281
2025-01-05T09:00:00+00:00,60118.74,60149.01,59816.52,59847.34,174.5690
2025-01-05T10:00:00+00:00,59847.34,59902.50,59786.19,59871.72,104.9990
2025-01-05T11:00:00+00:00,59871.72,60006.54,59843.10,59945.08,66.5184
2025-01-05T12:00:00+00:00,59945.08,60161.98,59519.84,59584.00,58.4870
2025-01-05T13:00:00+00:00,59584.00,59585.78,59537.18,59544.60,66.0126
2025-01-05T14:00:00+00:00,59544.60,59760.05,59531.51,59713.95,139.3595
2025-01-05T15:00:00+00:00,59713.95,59800.29,59691.83,59763.12,179.5142
2025-01-05T16:00:00+00:00,59763.12,59781.64,59666.53,59678.63,106.4109
2025-01-05T17:00:00+00:00,59678.63,59865.80,59618.64,59824.98,137.6902
2025-01-05T18:00:00+00:00,59824.98,59935.30,59811.17,59868.03,112.3791
2025-01-05T19:00:00+00:00,59868.03,59994.62,59824.14,59924.56,150.7036
2025-01-05T20:00:00+00:00,59924.56,60186.98,59819.02,60140.61,160.7915
2025-01-05T21:00:00+00:00,60140.61,60167.80,60026.28,60106.68,52.5712
2025-01-05T22:00:00+00:00,60106.68,60558.82,60064.15,60465.57,109.9597
2025-01-05T23:00:00+00:00,60465.57,60499.16,60318.21,60322.77,88.7090
2025-01-06T00:00:00+00:00,60322.77,60624.87,60232.42,60544.95,199.7111
2025-01-06T01:00:00+00:00,60544.95,60702.16,60477.20,60653.79,111.7034
2025-01-06T02:00:00+00:00,60653.79,60672.98,60536.63,60549.07,145.6364
2025-01-06T03:00:00+00:00,60549.07,60653.10,60426.55,60594.18,170.5688
2025-01-06T04:00:00+00:00,60594.18,60995.26,60538.92,60985.91,130.7878
2025-01-06T05:00:00+00:00,60985.91,61150.42,60970.09,61135.58,160.9095
2025-01-06T06:00:00+00:00,61135.58,61192.69,61049.87,61165.99,116.6718
2025-01-06T07:00:00+00:00,61165.99,61223.28,61089.99,61187.20,152.9705
2025-01-06T08:00:00+00:00,61187.20,61276.34,61180.73,61253.13,164.1728
2025-01-06T09:00:00+00:00,61253.13,61256.86,60935.79,60942.23,116.2791
2025-01-06T10:00:00+00:00,60942.23,61000.88,60885.07,60934.34,162.9744
2025-01-06T11:00:00+00:00,60934.34,60979.15,60724.02,60743.03,105.9324
2025-01-06T12:00:00+00:00,60743.03,60778.96,60394.05,60496.76,102.8412
2025-01-06T13:00:00+00:00,60496.76,60689.05,60430.33,60669.12,106.1370
2025-01-06T14:00:00+00:00,60669.12,61047.86,60574.42,61020.92,106.9569
2025-01-06T15:00:00+00:00,61020.92,61057.55,60811.87,60827.67,160.3958
2025-01-06T16:00:00+00:00,60827.67,60910.61,60684.47,60741.95,124.3334
2025-01-06T17:00:00+00:00,60741.95,61031.27,60741.71,60984.95,111.6665
2025-01-06T18:00:00+00:00,60984.95,61115.41,60934.63,61019.16,90.5812
2025-01-06T19:00:00+00:00,61019.16,61041.25,60965.65,60994.98,157.9561
2025-01-06T20:00:00+00:00,60994.98,61052.61,60684.68,60739.59,185.8376
2025-01-06T21:00:00+00:00,60739.59,60902.01,60738.88,60787.35,188.1354
2025-01-06T22:00:00+00:00,60787.35,60876.39,60728.33,60867.02,39.5169
2025-01-06T23:00:00+00:00,60867.02,61299.03,60863.56,61152.40,183.5955
2025-01-07T00:00:00+00:00,61152.40,61357.36,61044.83,61333.54,174.6642
2025-01-07T01:00:00+00:00,61333.54,61366.98,61240.90,61267.26,137.6190
2025-01-07T02:00:00+00:00,61267.26,61316.93,60980.32,61051.23,74.4442
2025-01-07T03:00:00+00:00,61051.23,61142.42,60836.95,60852.72,101.0813
2025-01-07T04:00:00+00:00,60852.72,60889.86,60743.09,60828.80,126.6023
2025-01-07T05:00:00+00:00,60828.80,60909.83,60717.32,60750.64,94.6600
2025-01-07T06:00:00+00:00,60750.64,60825.20,60509.90,60524.74,96.3506
2025-01-07T07:00:00+00:00,60524.74,60577.61,60418.84,60500.70,106.9375
2025-01-07T08:00:00+00:00,60500.70,60540.00,60390.43,60432.03,69.6055
2025-01-07T09:00:00+00:00,60432.03,60575.68,60412.12,60572.32,122.8743
2025-01-07T10:00:00+00:00,60572.32,60655.36,60566.48,60597.50,32.6857
2025-01-07T11:00:00+00:00,60597.50,60713.27,60514.41,60668.15,115.6605
2025-01-07T12:00:00+00:00,60668.15,60720.65,60528.66,60567.52,121.7521
2025-01-07T13:00:00+00:00,60567.52,60886.84,60439.81,60790.88,145.1585
2025-01-07T14:00:00+00:00,60790.88,61061.37,60677.20,60954.81,143.7337
2025-01-07T15:00:00+00:00,60954.81,60981.43,60795.00,60874.23,183.5298
2025-01-07T16:00:00+00:00,60874.23,60908.79,60742.19,60749.88,46.2946
2025-01-07T17:00:00+00:00,60749.88,60954.36,60678.90,60857.04,99.3985
2025-01-07T18:00:00+00:00,60857.04,60938.76,60668.35,60754.31,142.4776
2025-01-07T19:00:00+00:00,60754.31,60910.15,60749.87,60835.44,116.1067
2025-01-07T20:00:00+00:00,60835.44,60984.58,60598.18,60687.43,83.6066
2025-01-07T21:00:00+00:00,60687.43,60691.50,60307.71,60378.14,193.9325
2025-01-07T22:00:00+00:00,60378.14,60533.93,60304.74,60429.84,198.0325
2025-01-07T23:00:00+00:00,60429.84,60500.09,60214.56,60343.89,72.6027
2025-01-08T00:00:00+00:00,60343.89,60397.96,60065.61,60287.45,97.4330
2025-01-08T01:00:00+00:00,60287.45,60300.71,60049.52,60163.92,107.9852
2025-01-08T02:00:00+00:00,60163.92,60167.00,60081.03,60088.57,113.2155
2025-01-08T03:00:00+00:00,60088.57,60174.30,59949.04,59982.75,58.1879
2025-01-08T04:00:00+00:00,59982.75,60035.48,59807.56,59861.67,165.2068
2025-01-08T05:00:00+00:00,59861.67,59923.99,59726.33,59896.02,143.2186
2025-01-08T06:00:00+00:00,59896.02,59991.25,59856.52,59944.17,129.3432
2025-01-08T07:00:00+00:00,59944.17,59958.83,59892.23,59933.30,85.8358
2025-01-08T08:00:00+00:00,59933.30,59963.55,59737.55,59799.69,110.8294
2025-01-08T09:00:00+00:00,59799.69,59833.19,59780.74,59787.16,129.4469
2025-01-08T10:00:00+00:00,59787.16,59813.86,59710.54,59740.89,82.6906
2025-01-08T11:00:00+00:00,59740.89,59821.63,59637.58,59692.03,101.0924
2025-01-08T12:00:00+00:00,59692.03,59708.96,59508.51,59531.15,87.3096
2025-01-08T13:00:00+00:00,59531.15,59728.88,59521.80,59666.14,106.3946
2025-01-08T14:00:00+00:00,59666.14,59681.04,59616.33,59625.56,4.5323
2025-01-08T15:00:00+00:00,59625.56,59630.67,59594.09,59616.37,132.9997
2025-01-08T16:00:00+00:00,59616.37,59636.04,59331.75,59398.55,126.7794
2025-01-08T17:00:00+00:00,59398.55,59486.56,59257.99,59484.37,79.9096
2025-01-08T18:00:00+00:00,59484.37,59529.68,59412.80,59487.22,75.4054
2025-01-08T19:00:00+00:00,59487.22,59551.20,59354.76,59410.87,115.1849
2025-01-08T20:00:00+00:00,59410.87,59615.71,59403.56,59562.75,87.2275
2025-01-08T21:00:00+00:00,59562.75,59920.83,59460.93,59787.26,85.9322
2025-01-08T22:00:00+00:00,59787.26,60000.39,59767.92,59991.52,88.0919
2025-01-08T23:00:00+00:00,59991.52,60110.75,59908.69,60046.40,92.4597
2025-01-09T00:00:00+00:00,60046.40,60061.48,59692.72,59835.00,151.2608
2025-01-09T01:00:00+00:00,59835.00,59925.75,59419.63,59512.22,99.4611
2025-01-09T02:00:00+00:00,59512.22,59755.44,59462.47,59723.14,84.3177
2025-01-09T03:00:00+00:00,59723.14,59825.92,59291.54,59356.98,62.8954
2025-01-09T04:00:00+00:00,59356.98,59731.84,59316.73,59653.60,137.5450
2025-01-09T05:00:00+00:00,59653.60,59962.48,59527.66,59866.43,110.3196
2025-01-09T06:00:00+00:00,59866.43,60039.38,59713.93,59914.27,153.3537
2025-01-09T07:00:00+00:00,59914.27,60291.54,59849.18,60199.38,96.4665
2025-01-09T08:00:00+00:00,60199.38,60279.03,60146.47,60203.47,91.6436
2025-01-09T09:00:00+00:00,60203.47,60257.37,60093.15,60217.34,81.2080
2025-01-09T10:00:00+00:00,60217.34,60506.82,60153.70,60419.29,88.1267
2025-01-09T11:00:00+00:00,60419.29,60673.40,60397.94,60642.44,145.3447
2025-01-09T12:00:00+00:00,60642.44,60752.61,60595.57,60731.81,147.8936
2025-01-09T13:00:00+00:00,60731.81,60790.80,60478.24,60564.23,81.6755
2025-01-09T14:00:00+00:00,60564.23,60886.48,60481.11,60826.15,108.2039
2025-01-09T15:00:00+00:00,60826.15,60948.62,60787.45,60942.99,177.7350
2025-01-09T16:00:00+00:00,60942.99,61058.91,60869.54,60981.62,130.5707
2025-01-09T17:00:00+00:00,60981.62,60988.09,60477.36,60539.06,113.1660
2025-01-09T18:00:00+00:00,60539.06,60590.90,60239.77,60347.17,119.9817
2025-01-09T19:00:00+00:00,60347.17,60423.76,60278.94,60412.11,166.8789
2025-01-09T20:00:00+00:00,60412.11,60519.44,60269.30,60277.21,101.0800
2025-01-09T21:00:00+00:00,60277.21,60325.86,59917.87,59937.31,76.8791
2025-01-09T22:00:00+00:00,59937.31,59971.28,59894.17,59913.52,42.9807
2025-01-09T23:00:00+00:00,59913.52,60246.04,59802.98,60163.14,95.5021
2025-01-10T00:00:00+00:00,60163.14,60736.13,60134.21,60701.38,115.1627
2025-01-10T01:00:00+00:00,60701.38,60857.70,60652.95,60791.99,142.8831
2025-01-10T02:00:00+00:00,60791.99,60873.25,60637.81,60688.20,87.4029
2025-01-10T03:00:00+00:00,60688.20,60710.93,60493.10,60520.92,106.2970
2025-01-10T04:00:00+00:00,60520.92,60554.27,60315.83,60322.73,131.2165
2025-01-10T05:00:00+00:00,60322.73,60348.63,59716.01,59730.85,127.0529
2025-01-10T06:00:00+00:00,59730.85,60076.18,59722.14,60070.10,84.7497
2025-01-10T07:00:00+00:00,60070.10,60542.77,60038.72,60394.25,141.7996
2025-01-10T08:00:00+00:00,60394.25,60773.74,60231.79,60684.25,130.7603
2025-01-10T09:00:00+00:00,60684.25,60766.18,60173.93,60221.83,98.1856
2025-01-10T10:00:00+00:00,60221.83,60297.60,60133.40,60244.99,116.5430
2025-01-10T11:00:00+00:00,60244.99,60291.65,60159.88,60187.09,161.4392
2025-01-10T12:00:00+00:00,60187.09,60204.30,59886.28,59916.05,149.9353
2025-01-10T13:00:00+00:00,59916.05,60397.09,59913.87,60328.27,170.7529
2025-01-10T14:00:00+00:00,60328.27,60378.69,60140.67,60206.78,89.9296
2025-01-10T15:00:00+00:00,60206.78,60228.36,59714.66,59950.15,62.8756
2025-01-10T16:00:00+00:00,59950.15,60112.61,59667.03,59682.23,117.1768
2025-01-10T17:00:00+00:00,59682.23,59786.69,59253.24,59306.41,155.4474
2025-01-10T18:00:00+00:00,59306.41,59338.18,58865.98,58986.43,165.2556
2025-01-10T19:00:00+00:00,58986.43,59132.30,58761.60,58870.79,140.1098
2025-01-10T20:00:00+00:00,58870.79,58962.25,58837.77,58862.31,116.8543
2025-01-10T21:00:00+00:00,58862.31,59027.74,58858.26,59005.86,35.7518
2025-01-10T22:00:00+00:00,59005.86,59040.09,58858.12,58863.76,119.5937
2025-01-10T23:00:00+00:00,58863.76,58925.40,58685.83,58689.33,83.0565
2025-01-11T00:00:00+00:00,58689.33,58970.19,58660.23,58887.85,80.1922
2025-01-11T01:00:00+00:00,58887.85,58958.29,58106.50,58339.55,58.2293
2025-01-11T02:00:00+00:00,58339.55,58768.80,58252.04,58678.49,49.7188
2025-01-11T03:00:00+00:00,58678.49,58745.19,58256.77,58260.21,97.5789
2025-01-11T04:00:00+00:00,58260.21,58269.73,58107.81,58142.29,117.5048
2025-01-11T05:00:00+00:00,58142.29,58177.55,57804.35,57839.55,143.0048
2025-01-11T06:00:00+00:00,57839.55,57913.27,57816.03,57903.68,58.4822
2025-01-11T07:00:00+00:00,57903.68,58014.26,57871.37,57945.57,121.2861
2025-01-11T08:00:00+00:00,57945.57,58067.88,57410.86,57486.90,94.1954
2025-01-11T09:00:00+00:00,57486.90,57517.86,57153.95,57212.73,92.3690
2025-01-11T10:00:00+00:00,57212.73,57667.44,57197.13,57608.18,103.1973
2025-01-11T11:00:00+00:00,57608.18,58291.11,57567.62,58182.22,163.4560
2025-01-11T12:00:00+00:00,58182.22,58189.64,58024.93,58073.68,102.5560
2025-01-11T13:00:00+00:00,58073.68,58123.21,57712.78,57756.38,145.6973
2025-01-11T14:00:00+00:00,57756.38,58031.82,57719.22,57892.44,100.1029
2025-01-11T15:00:00+00:00,57892.44,58039.54,57762.34,57996.55,44.2309
2025-01-11T16:00:00+00:00,57996.55,58001.54,57720.17,57793.64,94.0890
2025-01-11T17:00:00+00:00,57793.64,57930.87,57108.09,57298.43,16.6917
2025-01-11T18:00:00+00:00,57298.43,57436.70,57115.96,57174.50,157.9167
2025-01-11T19:00:00+00:00,57174.50,57190.57,56903.23,56945.43,87.2154
2025-01-11T20:00:00+00:00,56945.43,57018.53,56909.65,57000.15,118.4017
2025-01-11T21:00:00+00:00,57000.15,57351.68,56945.29,57290.94,130.7181
2025-01-11T22:00:00+00:00,57290.94,57305.93,57205.64,57240.50,159.0511
2025-01-11T23:00:00+00:00,57240.50,57266.58,56732.71,56798.76,168.6314
2025-01-12T00:00:00+00:00,56798.76,56856.62,56737.30,56794.08,130.7109
2025-01-12T01:00:00+00:00,56794.08,56827.91,56649.36,56668.99,52.7218
2025-01-12T02:00:00+00:00,56668.99,56826.57,56602.92,56794.90,73.4221
2025-01-12T03:00:00+00:00,56794.90,57053.51,56702.39,57031.92,54.6746
2025-01-12T04:00:00+00:00,57031.92,57485.47,57003.74,57475.62,72.4755
2025-01-12T05:00:00+00:00,57475.62,57486.07,57009.34,57187.67,86.8366
2025-01-12T06:00:00+00:00,57187.67,57235.16,56903.44,56975.40,28.0566
2025-01-12T07:00:00+00:00,56975.40,57046.00,56837.45,56882.12,96.1019
2025-01-12T08:00:00+00:00,56882.12,57445.68,56846.30,57413.70,133.3830
2025-01-12T09:00:00+00:00,57413.70,57512.89,57393.99,57486.15,91.4782
2025-01-12T10:00:00+00:00,57486.15,57566.11,57354.52,57370.02,151.6668
2025-01-12T11:00:00+00:00,57370.02,57548.16,57308.08,57468.82,153.0359
2025-01-12T12:00:00+00:00,57468.82,58175.10,57447.97,58153.87,146.9468
2025-01-12T13:00:00+00:00,58153.87,58538.74,58126.83,58461.68,124.6976
2025-01-12T14:00:00+00:00,58461.68,58553.62,58454.75,58539.93,118.3985
2025-01-12T15:00:00+00:00,58539.93,58585.06,58045.65,58125.83,144.9960
2025-01-12T16:00:00+00:00,58125.83,58797.98,58109.57,58617.64,144.3541
2025-01-12T17:00:00+00:00,58617.64,58634.57,58558.08,58568.17,98.8630
2025-01-12T18:00:00+00:00,58568.17,58978.85,58487.53,58919.83,94.4046
2025-01-12T19:00:00+00:00,58919.83,59626.17,58895.93,59623.66,126.3752
2025-01-12T20:00:00+00:00,59623.66,59868.16,59588.26,59713.24,162.5045
2025-01-12T21:00:00+00:00,59713.24,59974.78,59665.90,59962.87,70.7568
2025-01-12T22:00:00+00:00,59962.87,60524.39,59868.18,60511.90,110.3815
2025-01-12T23:00:00+00:00,60511.90,60547.00,60393.95,60493.10,144.4097
2025-01-13T00:00:00+00:00,60493.10,60509.63,60159.62,60184.03,58.4796
2025-01-13T01:00:00+00:00,60184.03,60274.39,60055.42,60114.39,77.5300
2025-01-13T02:00:00+00:00,60114.39,60162.79,60031.77,60055.04,118.5894
2025-01-13T03:00:00+00:00,60055.04,60102.39,59264.51,59308.78,169.7877
2025-01-13T04:00:00+00:00,59308.78,59390.05,58653.86,58766.85,119.5043
2025-01-13T05:00:00+00:00,58766.85,58794.48,58733.58,58780.62,137.4894
2025-01-13T06:00:00+00:00,58780.62,58852.11,58426.23,58443.26,65.9615
2025-01-13T07:00:00+00:00,58443.26,58775.12,58399.79,58750.43,51.2409
2025-01-13T08:00:00+00:00,58750.43,58872.93,58656.91,58664.85,74.2328
2025-01-13T09:00:00+00:00,58664.85,58732.95,58338.30,58376.60,141.8373
2025-01-13T10:00:00+00:00,58376.60,58378.63,57759.10,57822.05,96.0433
2025-01-13T11:00:00+00:00,57822.05,57893.31,57591.05,57625.25,61.8243
2025-01-13T12:00:00+00:00,57625.25,57769.33,57622.07,57759.68,66.8268
2025-01-13T13:00:00+00:00,57759.68,58185.34,57559.63,58099.15,105.1714
2025-01-13T14:00:00+00:00,58099.15,58417.93,58069.01,58416.42,118.1966
2025-01-13T15:00:00+00:00,58416.42,58443.76,57833.02,58003.80,78.9432
2025-01-13T16:00:00+00:00,58003.80,58103.83,57632.98,57727.29,112.7506
2025-01-13T17:00:00+00:00,57727.29,57760.71,57593.27,57637.53,88.1551
2025-01-13T18:00:00+00:00,57637.53,57835.74,57577.11,57810.11,211.2414
2025-01-13T19:00:00+00:00,57810.11,58007.94,57761.00,57985.27,165.8790
2025-01-13T20:00:00+00:00,57985.27,58517.14,57845.42,58513.34,84.7578
2025-01-13T21:00:00+00:00,58513.34,59175.02,58451.92,59068.19,192.1773
2025-01-13T22:00:00+00:00,59068.19,59271.86,59051.89,59252.42,129.7762
2025-01-13T23:00:00+00:00,59252.42,59278.64,58943.49,58977.82,51.4229
2025-01-14T00:00:00+00:00,58977.82,58986.70,58482.86,58581.49,83.4293
2025-01-14T01:00:00+00:00,58581.49,58595.49,58107.61,58138.51,102.9084
2025-01-14T02:00:00+00:00,58138.51,58145.55,57645.53,57664.33,127.0461
2025-01-14T03:00:00+00:00,57664.33,57830.66,57423.74,57484.22,87.6620
2025-01-14T04:00:00+00:00,57484.22,57566.75,57331.26,57422.22,97.2080
2025-01-14T05:00:00+00:00,57422.22,57453.75,57310.56,57414.63,143.7217
2025-01-14T06:00:00+00:00,57414.63,57451.51,57398.32,57405.87,197.3655
2025-01-14T07:00:00+00:00,57405.87,58422.12,57365.98,58254.36,83.9011
2025-01-14T08:00:00+00:00,58254.36,58477.18,58248.70,58422.77,203.0932
2025-01-14T09:00:00+00:00,58422.77,58474.75,58174.31,58237.33,91.9489
2025-01-14T10:00:00+00:00,58237.33,58434.37,58204.10,58356.62,140.6616
2025-01-14T11:00:00+00:00,58356.62,58399.15,57948.53,57977.45,75.7002
2025-01-14T12:00:00+00:00,57977.45,57995.44,57584.42,57648.64,132.6306
2025-01-14T13:00:00+00:00,57648.64,58177.39,57574.89,58086.95,111.4749
2025-01-14T14:00:00+00:00,58086.95,58384.83,58066.97,58320.92,135.6653
2025-01-14T15:00:00+00:00,58320.92,58390.86,57863.90,57949.77,180.9411
2025-01-14T16:00:00+00:00,57949.77,58029.61,57784.57,57901.94,125.8323
2025-01-14T17:00:00+00:00,57901.94,58003.96,57715.05,57839.12,152.9641
2025-01-14T18:00:00+00:00,57839.12,57862.27,57410.19,57495.94,168.9365
2025-01-14T19:00:00+00:00,57495.94,57581.70,57023.87,57031.26,192.5850
2025-01-14T20:00:00+00:00,57031.26,57337.13,56873.46,57282.36,126.8539
2025-01-14T21:00:00+00:00,57282.36,57387.01,57099.11,57126.81,210.7136
2025-01-14T22:00:00+00:00,57126.81,57373.42,57062.82,57261.23,171.9141
2025-01-14T23:00:00+00:00,57261.23,57275.74,56557.01,56659.64,81.3459
2025-01-15T00:00:00+00:00,56659.64,56666.77,56325.37,56360.37,93.5798
2025-01-15T01:00:00+00:00,56360.37,57023.41,56252.48,56947.99,181.1834
2025-01-15T02:00:00+00:00,56947.99,57168.77,56853.12,57140.20,175.0326
2025-01-15T03:00:00+00:00,57140.20,57244.13,56911.41,56931.37,110.8332
2025-01-15T04:00:00+00:00,56931.37,57199.49,56891.24,57186.13,145.0169
2025-01-15T05:00:00+00:00,57186.13,57563.40,57143.80,57431.36,90.2770
2025-01-15T06:00:00+00:00,57431.36,57554.89,56886.12,56991.29,133.1468
2025-01-15T07:00:00+00:00,56991.29,57017.80,56897.92,56979.67,135.7695
2025-01-15T08:00:00+00:00,56979.67,56995.81,56776.41,56845.67,139.5970
2025-01-15T09:00:00+00:00,56845.67,56901.03,55870.95,55961.85,168.7522
2025-01-15T10:00:00+00:00,55961.85,56010.84,55738.02,55813.79,122.4124
2025-01-15T11:00:00+00:00,55813.79,56239.58,55807.38,56227.42,151.6735
2025-01-15T12:00:00+00:00,56227.42,56345.00,56058.69,56264.57,71.1980
2025-01-15T13:00:00+00:00,56264.57,56651.81,56197.60,56649.93,65.6466
2025-01-15T14:00:00+00:00,56649.93,57227.70,56572.14,57166.83,80.2085
2025-01-15T15:00:00+00:00,57166.83,57255.78,57156.05,57204.32,125.8049
2025-01-15T16:00:00+00:00,57204.32,57288.58,57172.49,57244.50,135.1562
2025-01-15T17:00:00+00:00,57244.50,57314.81,57192.14,57276.74,174.0151
2025-01-15T18:00:00+00:00,57276.74,57387.68,57220.22,57333.70,140.5089
2025-01-15T19:00:00+00:00,57333.70,57404.03,57055.10,57094.52,90.8413
2025-01-15T20:00:00+00:00,57094.52,57241.78,56835.59,56846.54,39.2867
2025-01-15T21:00:00+00:00,56846.54,57443.38,56802.29,57434.73,98.3043
2025-01-15T22:00:00+00:00,57434.73,57702.46,57426.22,57635.09,110.6323
2025-01-15T23:00:00+00:00,57635.09,57684.45,57274.25,57337.10,125.1566
2025-01-16T00:00:00+00:00,57337.10,57404.92,56827.98,56845.99,92.3359
2025-01-16T01:00:00+00:00,56845.99,56894.92,56572.16,56589.88,97.7585
2025-01-16T02:00:00+00:00,56589.88,56728.55,56556.96,56692.34,112.7924
2025-01-16T03:00:00+00:00,56692.34,57147.29,56613.63,57137.06,167.6071
2025-01-16T04:00:00+00:00,57137.06,57177.38,57043.97,57072.97,174.0982
2025-01-16T05:00:00+00:00,57072.97,57169.04,56827.25,56903.37,113.5971
2025-01-16T06:00:00+00:00,56903.37,57016.70,56606.58,56654.81,107.1021
2025-01-16T07:00:00+00:00,56654.81,56706.16,56547.01,56580.90,86.8592
2025-01-16T08:00:00+00:00,56580.90,56614.41,56333.20,56461.55,236.0510
2025-01-16T09:00:00+00:00,56461.55,56607.40,56409.30,56575.07,160.0221
2025-01-16T10:00:00+00:00,56575.07,56711.28,56469.00,56645.68,78.3736
2025-01-16T11:00:00+00:00,56645.68,56767.15,56579.06,56734.27,138.6631
2025-01-16T12:00:00+00:00,56734.27,57103.93,56716.34,57031.60,184.1184
2025-01-16T13:00:00+00:00,57031.60,57052.25,56742.25,56832.94,93.3090
2025-01-16T14:00:00+00:00,56832.94,56905.47,56783.63,56851.08,88.8779
2025-01-16T15:00:00+00:00,56851.08,57105.27,56739.05,57029.86,71.1525
2025-01-16T16:00:00+00:00,57029.86,57046.00,56770.43,56810.89,99.9194
2025-01-16T17:00:00+00:00,56810.89,56833.74,56475.15,56523.58,141.7067
2025-01-16T18:00:00+00:00,56523.58,56704.68,56441.29,56682.47,104.7335
2025-01-16T19:00:00+00:00,56682.47,56689.10,56659.62,56666.37,61.5488
2025-01-16T20:00:00+00:00,56666.37,56936.02,56589.74,56934.45,175.2977
2025-01-16T21:00:00+00:00,56934.45,57247.92,56872.17,57244.23,128.4603
2025-01-16T22:00:00+00:00,57244.23,57276.40,56775.60,56796.22,175.0574
2025-01-16T23:00:00+00:00,56796.22,56923.63,56774.97,56877.56,151.7251
2025-01-17T00:00:00+00:00,56877.56,57001.00,56693.17,56839.37,79.8272
2025-01-17T01:00:00+00:00,56839.37,57482.98,56759.56,57443.41,104.0495
2025-01-17T02:00:00+00:00,57443.41,57492.22,57191.96,57278.53,128.6516
2025-01-17T03:00:00+00:00,57278.53,57623.41,57259.67,57593.59,111.5027
2025-01-17T04:00:00+00:00,57593.59,57682.29,57159.81,57164.63,150.8605
2025-01-17T05:00:00+00:00,57164.63,57518.12,57134.56,57481.30,167.0201
2025-01-17T06:00:00+00:00,57481.30,57588.61,57109.77,57127.89,27.7718
2025-01-17T07:00:00+00:00,57127.89,57142.63,56314.20,56435.92,167.5592
2025-01-17T08:00:00+00:00,56435.92,56442.48,56325.20,56363.09,148.3653
2025-01-17T09:00:00+00:00,56363.09,56442.40,56223.78,56259.11,244.0172
2025-01-17T10:00:00+00:00,56259.11,56311.92,55952.47,55961.96,134.7403
2025-01-17T11:00:00+00:00,55961.96,56036.02,55661.14,55665.39,148.6134
2025-01-17T12:00:00+00:00,55665.39,55689.20,55626.63,55670.46,145.9604
2025-01-17T13:00:00+00:00,55670.46,55775.20,55634.40,55715.76,153.0387
2025-01-17T14:00:00+00:00,55715.76,55728.61,55688.15,55705.84,128.7179
2025-01-17T15:00:00+00:00,55705.84,56438.66,55645.28,56345.66,63.7860
2025-01-17T16:00:00+00:00,56345.66,56519.32,56263.25,56513.84,142.6486
2025-01-17T17:00:00+00:00,56513.84,56542.22,56054.31,56211.47,136.7557
2025-01-17T18:00:00+00:00,56211.47,56212.00,55491.90,55584.85,73.5560
2025-01-17T19:00:00+00:00,55584.85,55874.44,55463.77,55846.08,81.6099
2025-01-17T20:00:00+00:00,55846.08,55958.35,55737.82,55877.75,125.0976
2025-01-17T21:00:00+00:00,55877.75,56003.52,55366.64,55453.25,139.8568
2025-01-17T22:00:00+00:00,55453.25,55512.58,55198.59,55213.98,80.0256
2025-01-17T23:00:00+00:00,55213.98,55944.28,55135.52,55915.06,166.2863
2025-01-18T00:00:00+00:00,55915.06,55986.84,55737.80,55862.70,136.5598
2025-01-18T01:00:00+00:00,55862.70,55863.32,55479.41,55498.40,117.9824
2025-01-18T02:00:00+00:00,55498.40,55856.73,55446.43,55817.15,130.7803
2025-01-18T03:00:00+00:00,55817.15,55892.05,55779.54,55885.62,165.2648
2025-01-18T04:00:00+00:00,55885.62,55931.10,55693.98,55724.93,102.9774
2025-01-18T05:00:00+00:00,55724.93,55741.36,55105.69,55270.44,154.9948
2025-01-18T06:00:00+00:00,55270.44,55411.93,55211.73,55244.41,137.5337
2025-01-18T07:00:00+00:00,55244.41,55779.99,55223.95,55725.65,136.3854
2025-01-18T08:00:00+00:00,55725.65,55919.75,55722.57,55888.65,146.5120
2025-01-18T09:00:00+00:00,55888.65,56162.43,55826.92,56147.73,116.8975
2025-01-18T10:00:00+00:00,56147.73,56158.78,56053.63,56123.57,141.5662
2025-01-18T11:00:00+00:00,56123.57,56337.62,56066.87,56325.74,147.9033
2025-01-18T12:00:00+00:00,56325.74,56463.92,56245.80,56316.98,141.5296
2025-01-18T13:00:00+00:00,56316.98,56965.82,56292.43,56918.32,118.4834
2025-01-18T14:00:00+00:00,56918.32,57506.22,56891.60,57461.06,153.4748
2025-01-18T15:00:00+00:00,57461.06,58271.05,57450.25,58195.80,153.4032
2025-01-18T16:00:00+00:00,58195.80,58244.33,57635.71,57738.57,132.7758
2025-01-18T17:00:00+00:00,57738.57,57755.75,57221.33,57305.91,151.4866
2025-01-18T18:00:00+00:00,57305.91,57317.98,56797.40,56972.03,92.7212
2025-01-18T19:00:00+00:00,56972.03,57053.02,55819.66,55908.78,172.0252
2025-01-18T20:00:00+00:00,55908.78,56031.88,55576.75,55669.05,101.4669
2025-01-18T21:00:00+00:00,55669.05,55733.32,55664.84,55689.03,96.5921
2025-01-18T22:00:00+00:00,55689.03,55698.44,55556.00,55565.11,151.4571
2025-01-18T23:00:00+00:00,55565.11,55642.45,55263.95,55266.91,125.7575
2025-01-19T00:00:00+00:00,55266.91,55451.33,55239.91,55432.36,41.7887
2025-01-19T01:00:00+00:00,55432.36,55476.48,55374.04,55421.14,134.6480
2025-01-19T02:00:00+00:00,55421.14,55486.07,55052.79,55059.26,142.0764
2025-01-19T03:00:00+00:00,55059.26,55146.77,54990.79,55126.05,117.3877
2025-01-19T04:00:00+00:00,55126.05,55127.59,54825.77,54922.22,178.2153
2025-01-19T05:00:00+00:00,54922.22,55018.64,54894.12,55010.73,98.0334
2025-01-19T06:00:00+00:00,55010.73,55016.93,54714.94,54754.71,135.5144
2025-01-19T07:00:00+00:00,54754.71,54803.04,54472.25,54515.57,166.9051
2025-01-19T08:00:00+00:00,54515.57,54558.91,54331.54,54337.03,115.5659
2025-01-19T09:00:00+00:00,54337.03,54344.32,54193.58,54255.27,158.9804
2025-01-19T10:00:00+00:00,54255.27,54480.75,54249.92,54432.52,139.2681
2025-01-19T11:00:00+00:00,54432.52,54879.28,54356.74,54802.26,156.6996
2025-01-19T12:00:00+00:00,54802.26,54968.12,54727.99,54935.07,166.4716
2025-01-19T13:00:00+00:00,54935.07,54987.96,54732.54,54861.51,62.4809
2025-01-19T14:00:00+00:00,54861.51,55105.68,54800.29,55092.07,128.2924
2025-01-19T15:00:00+00:00,55092.07,55104.69,54908.61,54951.51,73.0461
2025-01-19T16:00:00+00:00,54951.51,55428.79,54885.46,55395.14,119.1367
2025-01-19T17:00:00+00:00,55395.14,55594.34,55325.16,55509.37,13.5542
2025-01-19T18:00:00+00:00,55509.37,55709.10,55430.18,55678.88,154.9666
2025-01-19T19:00:00+00:00,55678.88,55978.19,55662.68,55779.64,158.2028
2025-01-19T20:00:00+00:00,55779.64,55936.65,55778.20,55884.09,104.3145
2025-01-19T21:00:00+00:00,55884.09,56089.41,55805.06,56005.14,75.0283
2025-01-19T22:00:00+00:00,56005.14,56127.83,55984.64,55998.57,52.3061
2025-01-19T23:00:00+00:00,55998.57,56188.30,55866.05,56136.55,128.8572
2025-01-20T00:00:00+00:00,56136.55,56522.41,56074.62,56473.19,126.6309
2025-01-20T01:00:00+00:00,56473.19,56491.90,56178.00,56269.22,166.4099
2025-01-20T02:00:00+00:00,56269.22,56345.38,56143.34,56205.28,157.5453
2025-01-20T03:00:00+00:00,56205.28,56276.16,56149.17,56255.03,118.4439
2025-01-20T04:00:00+00:00,56255.03,56326.94,56235.69,56276.85,127.8816
2025-01-20T05:00:00+00:00,56276.85,56386.78,56206.89,56314.23,105.1572
2025-01-20T06:00:00+00:00,56314.23,56386.74,56291.16,56361.14,102.2381
2025-01-20T07:00:00+00:00,56361.14,56579.23,56283.68,56563.87,151.5326
2025-01-20T08:00:00+00:00,56563.87,56983.22,56555.35,56850.56,124.0390
2025-01-20T09:00:00+00:00,56850.56,57133.69,56840.04,57029.69,58.1344
2025-01-20T10:00:00+00:00,57029.69,57216.60,56997.14,57146.34,124.4483
2025-01-20T11:00:00+00:00,57146.34,57315.83,56923.81,57006.43,60.2732
2025-01-20T12:00:00+00:00,57006.43,57196.78,56959.56,57176.46,135.6987
2025-01-20T13:00:00+00:00,57176.46,57569.75,57138.69,57469.94,161.7865
2025-01-20T14:00:00+00:00,57469.94,57588.47,57181.85,57265.88,103.8913
2025-01-20T15:00:00+00:00,57265.88,57266.76,56848.69,56894.07,141.7719
2025-01-20T16:00:00+00:00,56894.07,56946.73,56836.45,56885.23,152.2685
2025-01-20T17:00:00+00:00,56885.23,56894.54,56658.59,56726.13,139.5230
2025-01-20T18:00:00+00:00,56726.13,57073.83,56648.92,57033.97,139.5365
2025-01-20T19:00:00+00:00,57033.97,57054.32,56863.43,56868.76,139.0142
2025-01-20T20:00:00+00:00,56868.76,56911.49,56716.94,56765.98,123.9019
2025-01-20T21:00:00+00:00,56765.98,56844.73,56695.82,56765.31,123.2993
2025-01-20T22:00:00+00:00,56765.31,56786.86,56620.91,56785.15,64.6447
2025-01-20T23:00:00+00:00,56785.15,56853.92,56593.26,56632.36,145.8458
2025-01-21T00:00:00+00:00,56632.36,56689.80,56425.32,56456.95,164.0599
2025-01-21T01:00:00+00:00,56456.95,56468.47,56146.73,56174.85,126.7765
2025-01-21T02:00:00+00:00,56174.85,56228.34,56153.12,56173.20,80.6049
2025-01-21T03:00:00+00:00,56173.20,56335.00,56150.52,56282.22,179.8560
2025-01-21T04:00:00+00:00,56282.22,56799.94,56252.69,56699.77,89.9031
2025-01-21T05:00:00+00:00,56699.77,56814.54,56547.32,56570.52,65.2985
2025-01-21T06:00:00+00:00,56570.52,56881.05,56479.76,56840.62,137.6180
2025-01-21T07:00:00+00:00,56840.62,56890.84,56461.61,56470.89,114.4926
2025-01-21T08:00:00+00:00,56470.89,56775.96,56464.60,56730.32,118.9655
2025-01-21T09:00:00+00:00,56730.32,56800.96,56632.24,56715.77,17.2655
2025-01-21T10:00:00+00:00,56715.77,56787.39,56701.40,56773.96,78.7270
2025-01-21T11:00:00+00:00,56773.96,56841.96,56704.86,56775.58,134.8403
2025-01-21T12:00:00+00:00,56775.58,56926.38,56773.06,56885.91,105.6691
2025-01-21T13:00:00+00:00,56885.91,57213.80,56842.69,57127.35,77.4044
2025-01-21T14:00:00+00:00,57127.35,57215.01,57064.70,57192.52,213.2348
2025-01-21T15:00:00+00:00,57192.52,57249.80,56815.05,56832.11,161.1810
2025-01-21T16:00:00+00:00,56832.11,56861.62,56416.02,56514.57,177.9426
2025-01-21T17:00:00+00:00,56514.57,56517.53,56412.36,56472.40,137.1522
2025-01-21T18:00:00+00:00,56472.40,56610.69,56191.26,56294.51,123.4508
2025-01-21T19:00:00+00:00,56294.51,56370.41,55983.45,56070.91,161.4491
2025-01-21T20:00:00+00:00,56070.91,56260.25,56052.53,56182.77,156.2246
2025-01-21T21:00:00+00:00,56182.77,56317.03,56114.20,56263.34,94.6729
2025-01-21T22:00:00+00:00,56263.34,56320.20,56059.92,56094.66,89.4844
2025-01-21T23:00:00+00:00,56094.66,56133.38,55868.77,55928.17,116.6654
2025-01-22T00:00:00+00:00,55928.17,55974.48,55880.80,55888.47,185.6045
2025-01-22T01:00:00+00:00,55888.47,55911.94,55658.40,55773.30,150.2970
2025-01-22T02:00:00+00:00,55773.30,55847.22,55498.09,55582.44,143.7516
2025-01-22T03:00:00+00:00,55582.44,55648.91,55097.56,55159.11,97.2714
2025-01-22T04:00:00+00:00,55159.11,55163.09,55038.89,55039.49,102.4199
2025-01-22T05:00:00+00:00,55039.49,55159.57,54828.51,54928.11,134.5388
2025-01-22T06:00:00+00:00,54928.11,54962.73,54719.46,54738.23,140.8820
2025-01-22T07:00:00+00:00,54738.23,55038.50,54728.01,55004.36,103.9654
2025-01-22T08:00:00+00:00,55004.36,55074.29,54978.76,55028.98,168.0045
2025-01-22T09:00:00+00:00,55028.98,55050.31,54956.23,54964.38,68.3664
2025-01-22T10:00:00+00:00,54964.38,55355.28,54941.01,55266.33,85.6800
2025-01-22T11:00:00+00:00,55266.33,55550.07,55233.06,55517.94,197.3863
2025-01-22T12:00:00+00:00,55517.94,55569.64,55498.96,55499.03,129.1073
2025-01-22T13:00:00+00:00,55499.03,55510.83,55361.61,55375.16,150.4326
2025-01-22T14:00:00+00:00,55375.16,55561.21,55367.45,55504.78,153.4375
2025-01-22T15:00:00+00:00,55504.78,55583.05,55442.92,55470.51,104.1679
2025-01-22T16:00:00+00:00,55470.51,55779.59,55406.06,55678.26,89.2033
2025-01-22T17:00:00+00:00,55678.26,55760.47,55577.10,55657.42,45.2450
2025-01-22T18:00:00+00:00,55657.42,55729.04,55509.58,55677.85,152.4572
2025-01-22T19:00:00+00:00,55677.85,55767.16,55479.14,55486.74,164.6893
2025-01-22T20:00:00+00:00,55486.74,55564.98,55228.07,55301.95,104.5326
2025-01-22T21:00:00+00:00,55301.95,55326.72,55143.24,55161.33,218.2556
2025-01-22T22:00:00+00:00,55161.33,55564.81,55147.26,55463.83,108.1141
2025-01-22T23:00:00+00:00,55463.83,55544.66,55433.02,55526.76,112.9272
2025-01-23T00:00:00+00:00,55526.76,55673.75,55510.29,55669.72,110.7473
2025-01-23T01:00:00+00:00,55669.72,55691.39,55552.96,55638.30,130.6449
2025-01-23T02:00:00+00:00,55638.30,55901.57,55566.39,55890.58,65.6837
2025-01-23T03:00:00+00:00,55890.58,55894.15,55781.79,55823.97,116.6862
2025-01-23T04:00:00+00:00,55823.97,55834.43,55625.23,55669.54,121.1675
2025-01-23T05:00:00+00:00,55669.54,55736.22,55594.26,55621.18,122.4333
2025-01-23T06:00:00+00:00,55621.18,55628.16,55324.69,55408.79,112.1829
2025-01-23T07:00:00+00:00,55408.79,55543.94,55355.77,55501.75,174.4552
2025-01-23T08:00:00+00:00,55501.75,55992.12,55357.47,55923.45,92.8117
2025-01-23T09:00:00+00:00,55923.45,56293.14,55846.23,56170.86,126.8684
2025-01-23T10:00:00+00:00,56170.86,56226.17,55884.67,55954.95,85.1341
2025-01-23T11:00:00+00:00,55954.95,56031.76,55786.17,56020.13,108.7817
2025-01-23T12:00:00+00:00,56020.13,56106.82,55905.35,56100.31,47.3987
2025-01-23T13:00:00+00:00,56100.31,56145.30,56050.92,56142.71,67.4190
2025-01-23T14:00:00+00:00,56142.71,56153.71,55916.90,55922.55,48.4308
2025-01-23T15:00:00+00:00,55922.55,55985.57,55872.50,55985.46,16.2805
2025-01-23T16:00:00+00:00,55985.46,56131.07,55953.72,56071.45,152.7074
2025-01-23T17:00:00+00:00,56071.45,56369.54,56064.58,56358.66,173.9389
2025-01-23T18:00:00+00:00,56358.66,56368.65,56174.11,56207.88,81.7502
2025-01-23T19:00:00+00:00,56207.88,56380.84,56190.58,56242.02,141.3623
2025-01-23T20:00:00+00:00,56242.02,56319.07,56225.12,56237.87,85.8112
2025-01-23T21:00:00+00:00,56237.87,56354.14,56232.59,56256.01,169.5524
2025-01-23T22:00:00+00:00,56256.01,56394.15,56225.69,56245.31,147.6527
2025-01-23T23:00:00+00:00,56245.31,56302.54,56182.45,56197.34,61.7551
2025-01-24T00:00:00+00:00,56197.34,56331.45,56096.50,56250.00,153.1870
2025-01-24T01:00:00+00:00,56250.00,56301.42,56074.47,56254.13,183.0803
2025-01-24T02:00:00+00:00,56254.13,56300.13,55970.93,56145.13,56.2781
2025-01-24T03:00:00+00:00,56145.13,56168.80,56047.17,56076.12,53.3040
2025-01-24T04:00:00+00:00,56076.12,56177.29,55879.56,55919.68,143.6047
2025-01-24T05:00:00+00:00,55919.68,55980.74,55567.79,55689.80,132.1650
2025-01-24T06:00:00+00:00,55689.80,55892.32,55671.88,55885.48,131.0206
2025-01-24T07:00:00+00:00,55885.48,55984.77,55847.57,55965.65,199.8948
2025-01-24T08:00:00+00:00,55965.65,56380.95,55880.93,56342.49,198.4400
2025-01-24T09:00:00+00:00,56342.49,56594.28,56300.81,56510.80,112.2285
2025-01-24T10:00:00+00:00,56510.80,56755.91,56430.02,56678.79,77.6620
2025-01-24T11:00:00+00:00,56678.79,56879.87,56654.87,56856.36,135.5501
2025-01-24T12:00:00+00:00,56856.36,57015.98,56759.04,56798.27,132.1283
2025-01-24T13:00:00+00:00,56798.27,56815.99,56751.96,56767.12,144.8089
2025-01-24T14:00:00+00:00,56767.12,56974.76,56681.72,56916.50,108.0165
2025-01-24T15:00:00+00:00,56916.50,57015.91,56889.88,56932.59,115.6213
2025-01-24T16:00:00+00:00,56932.59,56971.04,56890.46,56944.14,183.9869
2025-01-24T17:00:00+00:00,56944.14,57401.17,56882.01,57379.83,149.1495
2025-01-24T18:00:00+00:00,57379.83,57761.58,57240.01,57703.46,232.3576
2025-01-24T19:00:00+00:00,57703.46,57704.88,57518.94,57565.66,156.9763
2025-01-24T20:00:00+00:00,57565.66,57632.55,57289.71,57364.06,95.6637
2025-01-24T21:00:00+00:00,57364.06,57384.65,57199.06,57303.08,164.2733
2025-01-24T22:00:00+00:00,57303.08,57340.58,57147.18,57336.90,167.8757
2025-01-24T23:00:00+00:00,57336.90,57353.00,57140.07,57202.13,126.6402
2025-01-25T00:00:00+00:00,57202.13,57782.33,57133.16,57622.45,187.4207
2025-01-25T01:00:00+00:00,57622.45,57662.47,57093.52,57094.05,186.9245
2025-01-25T02:00:00+00:00,57094.05,57182.84,57011.20,57149.80,94.6751
2025-01-25T03:00:00+00:00,57149.80,57188.82,56691.04,56697.70,218.6357
2025-01-25T04:00:00+00:00,56697.70,56703.17,56044.57,56146.85,62.6184
2025-01-25T05:00:00+00:00,56146.85,56210.30,55761.28,55900.76,87.2128
2025-01-25T06:00:00+00:00,55900.76,56091.97,55867.59,55936.26,167.8980
2025-01-25T07:00:00+00:00,55936.26,55995.69,55416.82,55467.60,169.2563
2025-01-25T08:00:00+00:00,55467.60,55471.57,55378.85,55411.00,123.5088
2025-01-25T09:00:00+00:00,55411.00,55530.34,55295.26,55354.34,71.6361
2025-01-25T10:00:00+00:00,55354.34,55411.73,55012.21,55140.38,122.1012
2025-01-25T11:00:00+00:00,55140.38,55149.80,54959.56,54999.41,172.7550
2025-01-25T12:00:00+00:00,54999.41,55144.54,54918.53,55130.64,129.4572
2025-01-25T13:00:00+00:00,55130.64,55363.76,55047.49,55347.03,137.5281
2025-01-25T14:00:00+00:00,55347.03,55358.56,55198.51,55230.36,174.2898
2025-01-25T15:00:00+00:00,55230.36,55476.45,55206.35,55439.22,126.5460
2025-01-25T16:00:00+00:00,55439.22,55550.87,55399.53,55521.35,175.1949
2025-01-25T17:00:00+00:00,55521.35,55524.17,54661.04,54721.79,72.2769
2025-01-25T18:00:00+00:00,54721.79,54740.18,54405.72,54422.57,102.7905
2025-01-25T19:00:00+00:00,54422.57,54528.12,54386.95,54395.02,154.2631
2025-01-25T20:00:00+00:00,54395.02,54498.90,54292.89,54476.66,130.6353
2025-01-25T21:00:00+00:00,54476.66,55043.14,54384.52,55010.23,105.0661
2025-01-25T22:00:00+00:00,55010.23,55027.48,54475.33,54505.19,84.9416
2025-01-25T23:00:00+00:00,54505.19,55124.62,54467.02,55075.70,117.5034
